Customer_ID,Revenue_Date,Revenue,Region,Marketing_Channel,Total_Spend,Customer_Segment
CX9952494852,1/2/2022,4369.73,South,Social Media,1629.03,Middle Income
CX5170342895,1/3/2022,7342.81,East,TV Ads,2423.97,Middle Income
CX8176766951,1/4/2022,9731.29,East,Paid Search,7366.67,Low Income
CX5713816094,1/6/2022,5350.3,East,Social Media,3158.28,High Income
CX2121298589,1/7/2022,9150.75,West,TV Ads,5266.68,High Income
CX2452023537,1/7/2022,4302.1,North,Social Media,1710.56,Low Income
CX2096726300,1/9/2022,6130.4,East,Paid Search,2056.16,Middle Income
CX7458751930,1/10/2022,3462.59,South,Influencers,1674.06,High Income
CX7382340840,1/10/2022,9967.5,South,Paid Search,6190.64,High Income
CX7023247376,1/11/2022,7597.59,South,Email,2769.11,High Income
CX6286029270,1/12/2022,3735.16,West,Social Media,2125.43,Middle Income
CX1627889227,1/13/2022,1945.5,West,Email,965.41,High Income
CX3845494717,1/15/2022,9759.87,North,Influencers,6727.36,High Income
CX3448496337,1/16/2022,4402.32,South,Email,3473.77,High Income
CX4723576470,1/20/2022,1138.03,West,TV Ads,525.43,Low Income
CX9439961643,1/21/2022,4995.55,West,TV Ads,3931.11,High Income
CX2377200138,1/24/2022,5594.74,West,Influencers,3267.52,Low Income
CX1734272558,1/25/2022,6466.55,South,Paid Search,3181.36,Middle Income
CX2646490148,1/26/2022,4931.26,West,Influencers,1808.54,Middle Income
CX8887407787,1/26/2022,4491.55,South,Paid Search,2547.56,Low Income
CX1070458799,1/26/2022,9607,West,Social Media,6505.53,Low Income
CX6812492011,1/27/2022,1425.63,East,Email,897.53,Low Income
CX8317802620,1/29/2022,4116.74,South,Paid Search,1463.02,Low Income
CX2890756094,1/29/2022,2777.14,East,Social Media,936.47,Low Income
CX7868800301,1/29/2022,7182.5,South,TV Ads,3027.99,High Income
CX7759692841,1/29/2022,7349.26,East,Paid Search,3597.17,Middle Income
CX7696198120,1/29/2022,2997.73,East,TV Ads,2111.3,High Income
CX9848041897,1/30/2022,6240.64,East,TV Ads,4969.2,High Income
CX1635156158,1/30/2022,4824.13,East,Paid Search,3556.71,Middle Income
CX2743492597,1/30/2022,1493.16,North,Influencers,1090.18,Low Income
CX9328878599,1/31/2022,7980.6,North,Paid Search,5658.53,Low Income
CX9161859022,2/3/2022,9542.93,East,Influencers,4021.75,High Income
CX1875787474,2/6/2022,8872.86,North,Influencers,4999.14,Middle Income
CX6582886889,2/6/2022,1402.39,West,Social Media,1117.36,Middle Income
CX2075935988,2/7/2022,3716.31,West,Social Media,2688.31,Low Income
CX1684235976,2/9/2022,6392.61,West,TV Ads,2396.03,Low Income
CX5533242899,2/10/2022,8657.12,North,Email,5166.44,Middle Income
CX7882421855,2/11/2022,9088.99,South,TV Ads,6126.36,Middle Income
CX8167566691,2/11/2022,9140.91,South,Email,7237.22,Low Income
CX1817319303,2/12/2022,1831.57,North,Email,1403.86,Low Income
CX6206057828,2/12/2022,9353.47,South,Email,3009.67,Middle Income
CX5028982845,2/13/2022,4993.04,North,TV Ads,1571.94,Middle Income
CX8114618977,2/13/2022,7467.32,South,Influencers,4774.85,High Income
CX5044284837,2/14/2022,5893.58,East,Social Media,3226.94,Low Income
CX5339219343,2/15/2022,2999.93,South,Influencers,2032.5,Middle Income
CX3784773255,2/15/2022,8020.42,West,TV Ads,5156.47,Low Income
CX3073334698,2/16/2022,8943.64,West,Social Media,3390.86,High Income
CX8899435805,2/17/2022,7480.23,South,Email,4184.56,Low Income
CX4127847081,2/18/2022,4737.77,East,Paid Search,2180.73,Middle Income
CX5241495414,2/21/2022,1479.99,South,Paid Search,732.33,High Income
CX2914837068,2/21/2022,7383.04,East,TV Ads,4720.01,Middle Income
CX6771592186,2/21/2022,5858.3,East,Influencers,2383.24,Low Income
CX4503164233,2/21/2022,3375.62,South,Social Media,1531.89,High Income
CX5481088844,2/23/2022,4041.33,West,TV Ads,2187.39,Middle Income
CX5402740940,2/24/2022,1479.39,North,TV Ads,747.47,Middle Income
CX5742908658,2/27/2022,6444.3,East,Influencers,4464.08,High Income
CX9377204407,2/28/2022,7445.24,West,Social Media,2793.12,Low Income
CX8464288653,3/2/2022,2689.3,North,TV Ads,925.52,Middle Income
CX5221495526,3/5/2022,2315.94,South,Influencers,970.79,Low Income
CX6334877566,3/5/2022,1027.4,South,Email,372.7,High Income
CX5857217422,3/5/2022,6088.75,West,TV Ads,3739.74,High Income
CX4896227937,3/5/2022,2593.48,West,Paid Search,1727.31,Middle Income
CX2256076047,3/8/2022,6369.31,East,Paid Search,3288.14,Middle Income
CX3920902083,3/10/2022,5988.69,East,TV Ads,3961.95,Middle Income
CX3033041543,3/10/2022,8940.49,East,Paid Search,7070.58,Middle Income
CX8786510197,3/11/2022,2728.35,South,Social Media,1629.3,Low Income
CX4993459782,3/11/2022,5230.91,South,Paid Search,2095.18,High Income
CX8259719556,3/11/2022,5614.62,West,Social Media,1883.33,High Income
CX8641308261,3/12/2022,4144.91,North,Paid Search,2480.39,Middle Income
CX1243763377,3/12/2022,7740.3,North,Influencers,6095.18,Low Income
CX7556274283,3/13/2022,6293.73,West,TV Ads,2803.62,High Income
CX6089692300,3/13/2022,1694.04,North,Email,1282.4,Low Income
CX6230276482,3/14/2022,5236.07,East,Paid Search,2171.68,Low Income
CX8795691320,3/14/2022,5516.04,North,Email,2633.75,Low Income
CX2151015728,3/14/2022,9338.47,North,Social Media,5498.73,Middle Income
CX3822031315,3/15/2022,1383.36,North,Paid Search,438.71,Middle Income
CX9570719372,3/16/2022,4490.98,West,Social Media,3584.39,Low Income
CX9231686305,3/17/2022,5572.93,South,Paid Search,2883.41,High Income
CX9336372353,3/19/2022,1981.45,West,Influencers,1329.25,Middle Income
CX2803089837,3/19/2022,7191.62,West,Paid Search,2761.48,High Income
CX5335101094,3/20/2022,9770.35,South,Paid Search,7667.19,Low Income
CX6562692926,3/20/2022,4950.41,North,Email,2187.11,High Income
CX4408877951,3/20/2022,2401.13,East,Social Media,1261.15,High Income
CX9903387207,3/21/2022,3909.58,South,Influencers,1407.21,High Income
CX2618702803,3/21/2022,2350.96,South,Paid Search,1418.94,Middle Income
CX5431820670,3/22/2022,5175.2,North,Social Media,3808.23,Middle Income
CX9101412367,3/22/2022,5744.23,East,Email,3251.33,Middle Income
CX9025836132,3/22/2022,4627.85,East,Email,2412.43,High Income
CX4082945441,3/23/2022,2523.95,North,TV Ads,1716.01,Low Income
CX7710122543,3/25/2022,6235.43,North,TV Ads,4636.1,High Income
CX2067548176,3/25/2022,4217.42,North,TV Ads,2377.6,Low Income
CX2427484756,3/26/2022,6468.83,West,Paid Search,2082.95,Middle Income
CX5925975050,3/27/2022,4244.91,West,Paid Search,1406.41,Low Income
CX1684457571,3/27/2022,9389.15,East,Paid Search,5073.57,High Income
CX7366922996,3/29/2022,1305.45,West,Email,800.88,High Income
CX7325684728,3/31/2022,8871.92,East,Paid Search,5109.01,High Income
CX4428252468,4/1/2022,8590.01,South,Paid Search,4423.8,High Income
CX3841029967,4/2/2022,9498.1,South,Email,3003.28,High Income
CX4333193894,4/3/2022,9736.17,North,Email,7527.27,Low Income
CX4248502558,4/3/2022,5216.9,West,Paid Search,1990.75,Middle Income
CX7142992014,4/5/2022,4566.61,East,Email,2075.28,Low Income
CX7338858329,4/5/2022,7928.6,West,Social Media,4573.07,Low Income
CX6274905860,4/7/2022,1854.09,North,TV Ads,557.38,Middle Income
CX8755696385,4/8/2022,3249.39,West,TV Ads,1729.96,Middle Income
CX6818438598,4/9/2022,9158.15,East,Email,4797.23,High Income
CX4533268977,4/9/2022,8612.08,West,TV Ads,3409.64,High Income
CX2114985624,4/12/2022,8322.76,East,Social Media,3466.95,Middle Income
CX8040705686,4/13/2022,1866.38,West,TV Ads,684.05,Low Income
CX6186350655,4/13/2022,2817.01,South,Paid Search,1361.5,Low Income
CX5884377479,4/13/2022,3699.17,North,Paid Search,2130.55,High Income
CX3272133373,4/15/2022,2860.92,North,Influencers,1805.34,High Income
CX8006135349,4/15/2022,1734.82,South,Social Media,857.28,High Income
CX5896572260,4/16/2022,8401.15,North,Email,2874.46,High Income
CX2651554239,4/16/2022,7781.48,East,Social Media,3125.39,Middle Income
CX9795306237,4/16/2022,4556.18,East,Social Media,3500.21,Low Income
CX8868628111,4/18/2022,2670.35,North,Paid Search,1745.95,Low Income
CX8783586478,4/20/2022,7751.54,North,Influencers,4315.37,Low Income
CX2090632119,4/21/2022,5989.04,East,Paid Search,4023.02,High Income
CX5530913204,4/21/2022,3592.07,North,Paid Search,2340.98,High Income
CX6981730579,4/23/2022,9767.8,East,Email,4153.31,High Income
CX5585851075,4/23/2022,3114.41,West,Social Media,2447.43,Middle Income
CX1076439820,4/25/2022,8251.01,South,Social Media,3939.65,High Income
CX2213350843,4/26/2022,7155.38,East,Social Media,5002.1,High Income
CX8087942550,4/29/2022,6997.55,North,Email,2244.56,Low Income
CX8003195613,4/29/2022,7310.19,South,Influencers,4536.37,Low Income
CX3230026169,4/29/2022,6254.36,South,Email,3721.6,High Income
CX5194280525,5/2/2022,5570.07,North,Paid Search,2001.05,High Income
CX2625655780,5/5/2022,6120.05,North,Influencers,3624.6,Middle Income
CX2897255189,5/7/2022,1758.48,East,Email,881.13,High Income
CX3930338237,5/7/2022,4633.83,North,Social Media,2193.63,Middle Income
CX2896496910,5/8/2022,4533.91,North,Email,2637.06,High Income
CX7847236257,5/9/2022,4798.9,East,Influencers,2162.63,High Income
CX7096707187,5/11/2022,3847.31,East,Paid Search,1335.02,Middle Income
CX2708080837,5/12/2022,1628,South,Influencers,885.56,Middle Income
CX3078700912,5/13/2022,8342.98,North,TV Ads,4240.69,High Income
CX8509599817,5/13/2022,7595.65,West,Influencers,2932.47,Middle Income
CX2230651682,5/14/2022,5750.66,North,Email,2756.59,Low Income
CX6735382379,5/15/2022,7188.32,South,Email,3028.37,High Income
CX4765784289,5/15/2022,2055.41,South,Email,1210.87,High Income
CX1564298218,5/18/2022,1504.47,North,Paid Search,470.86,Middle Income
CX7480555890,5/18/2022,3145.95,West,Influencers,1048.51,High Income
CX3045087868,5/19/2022,7816.01,West,Paid Search,4837.96,High Income
CX3158832090,5/24/2022,1067.82,East,TV Ads,534.43,Low Income
CX8070191254,5/25/2022,5673.99,East,TV Ads,1880.73,Middle Income
CX3856685752,5/27/2022,4029.85,East,Email,2546.28,Middle Income
CX2158104032,5/28/2022,3121.35,West,Influencers,1644.64,Middle Income
CX6541664517,5/29/2022,9469.78,North,TV Ads,5063.47,Middle Income
CX3946429490,5/29/2022,2624.06,East,Paid Search,1414.64,Middle Income
CX2018567786,6/2/2022,5547.23,North,Influencers,4232.22,Middle Income
CX8525122104,6/2/2022,6111.07,West,Influencers,3663.62,Low Income
CX3175401129,6/4/2022,3149.27,East,Email,960.64,Middle Income
CX5045284867,6/5/2022,3153.7,North,Social Media,2417.35,Middle Income
CX7173855220,6/5/2022,9984.49,East,Influencers,7036.75,Middle Income
CX8922055693,6/5/2022,8721.02,North,Social Media,5635.05,Middle Income
CX4690261722,6/6/2022,8641.84,South,Influencers,3276.64,Middle Income
CX9233153622,6/7/2022,2388.71,North,Paid Search,1574.15,Middle Income
CX1426125165,6/7/2022,3709.89,West,TV Ads,2602.12,Low Income
CX6351865900,6/9/2022,2743.26,East,Social Media,1812.28,High Income
CX2167798692,6/10/2022,1470.59,West,Influencers,1134.67,Middle Income
CX5237281422,6/10/2022,4801.04,West,Paid Search,2010.51,Low Income
CX9280808364,6/11/2022,2528.95,South,Email,1000.59,High Income
CX9563640161,6/11/2022,9142.38,South,TV Ads,5331.68,Low Income
CX8188624054,6/12/2022,9167.39,South,Influencers,6415.19,Middle Income
CX8541104570,6/14/2022,6374.47,North,TV Ads,3264.79,Low Income
CX3209879640,6/15/2022,9187.55,East,Influencers,2784.86,Middle Income
CX9247598836,6/16/2022,7678.04,South,TV Ads,3559.11,High Income
CX1259161591,6/17/2022,1005.69,North,TV Ads,694.18,Low Income
CX8892607816,6/17/2022,2441.42,South,TV Ads,1229.11,High Income
CX2168621325,6/18/2022,6441.17,South,Influencers,3402.19,Low Income
CX4160070579,6/18/2022,4751.2,North,Email,2409.48,Middle Income
CX3384310473,6/19/2022,8396.04,East,Social Media,3759.26,Middle Income
CX1046166694,6/20/2022,4060.66,South,TV Ads,2190.25,High Income
CX1038811731,6/20/2022,3097.79,West,Email,1698.8,High Income
CX8931923697,6/21/2022,1208.2,North,TV Ads,750.29,High Income
CX5543859867,6/22/2022,6285.05,East,Paid Search,3026.61,High Income
CX5221126724,6/24/2022,6728.21,West,Influencers,4571.01,Middle Income
CX8086923085,6/25/2022,4972.35,South,Email,3213.6,Middle Income
CX1544009583,6/27/2022,8630.96,South,Paid Search,6396.58,High Income
CX5495104405,6/27/2022,8429.03,East,Social Media,5768.41,Low Income
CX1928088743,6/28/2022,1659.39,South,Influencers,581.91,High Income
CX6743538131,6/28/2022,4032.46,West,TV Ads,2636.93,Middle Income
CX5651309617,6/29/2022,4277.97,North,Paid Search,3377.63,High Income
CX8151815744,6/30/2022,2732.44,North,Social Media,1105.35,High Income
CX2227166597,6/30/2022,3088.96,South,Influencers,2191.6,Low Income
CX1726924230,7/1/2022,9971.55,East,TV Ads,7523.79,High Income
CX5018146957,7/2/2022,9029.79,North,Influencers,2905.82,Low Income
CX4342054811,7/6/2022,7447.75,East,Paid Search,5503.04,High Income
CX5363487431,7/8/2022,7783.82,South,Influencers,4537.92,Middle Income
CX3471735892,7/11/2022,9137.5,North,Email,3172.49,High Income
CX1855824044,7/11/2022,3594.43,South,Paid Search,1890.53,Middle Income
CX3436607558,7/12/2022,5313.59,East,Paid Search,3992.75,High Income
CX6930515409,7/15/2022,8106.42,North,Influencers,6142.92,Low Income
CX5103989687,7/16/2022,1143.01,West,Email,379.25,Low Income
CX1484883597,7/16/2022,2308.75,East,Email,1118.05,High Income
CX1937211685,7/17/2022,1425.62,North,TV Ads,1108.91,High Income
CX7735466435,7/17/2022,3033.99,East,Social Media,2376.72,High Income
CX9438941256,7/18/2022,6229.2,East,Social Media,2455.99,Low Income
CX6489603702,7/19/2022,2761.72,East,Social Media,1342.75,Low Income
CX4246126794,7/19/2022,2182.49,West,Paid Search,1316.78,Low Income
CX4201462311,7/20/2022,4944.41,North,Influencers,3714.34,Low Income
CX7330765806,7/20/2022,3164.8,South,Paid Search,2310.91,High Income
CX4952749604,7/21/2022,7832.04,South,Email,4191.72,Middle Income
CX8343274448,7/22/2022,3262.97,South,Social Media,2308.3,Middle Income
CX4616218115,7/23/2022,7044.43,South,Influencers,4483.96,Low Income
CX1141275317,7/23/2022,3958.47,East,TV Ads,2510.3,Middle Income
CX5135042436,7/25/2022,9739.11,South,Email,5209.17,Middle Income
CX2999327580,7/26/2022,1000.24,West,Paid Search,302.91,Middle Income
CX9384661291,7/27/2022,5800.15,North,Influencers,3949.8,Middle Income
CX2620036370,7/29/2022,2034.95,North,Social Media,1573.86,Low Income
CX9895574393,7/29/2022,1007.82,South,Paid Search,777.91,Middle Income
CX5119973381,7/29/2022,5090.11,West,Influencers,1840.51,Middle Income
CX4145043481,7/30/2022,5372.68,East,Email,1890.29,Low Income
CX9527219769,7/30/2022,2987.97,West,TV Ads,1331.04,Middle Income
CX8905911400,7/31/2022,8144.26,East,TV Ads,3554.98,High Income
CX9491289407,8/4/2022,5012.97,West,TV Ads,1747.66,High Income
CX2861150003,8/4/2022,8661.36,East,Influencers,4221.99,High Income
CX6315929499,8/5/2022,8184.64,North,Email,5852.24,Low Income
CX7598897927,8/8/2022,7124.15,West,Email,4051.22,Low Income
CX2989089942,8/8/2022,5513.52,South,Social Media,2766.36,High Income
CX3300960817,8/9/2022,4996.99,South,Email,3971.72,Middle Income
CX1329105110,8/10/2022,8578.78,South,Social Media,5631.62,High Income
CX5086051183,8/10/2022,1847.34,South,Influencers,1003.36,Middle Income
CX5966480538,8/12/2022,4229.76,South,Email,1713.09,Low Income
CX5088520863,8/14/2022,2036.6,North,TV Ads,1127.03,High Income
CX2545927087,8/22/2022,4218.23,North,Influencers,2914.15,Low Income
CX4297825607,8/23/2022,9093.78,South,Paid Search,3487.33,Middle Income
CX8931895003,8/25/2022,5998.92,South,Email,4653.73,High Income
CX7440225034,8/25/2022,7884.34,West,Influencers,3112.2,High Income
CX5649939448,8/29/2022,4647.7,West,Paid Search,3338.42,Middle Income
CX8443916570,9/1/2022,1779.05,North,TV Ads,1308.23,Middle Income
CX8918634176,9/1/2022,2536.46,East,Paid Search,1673.43,Middle Income
CX4805655840,9/3/2022,6167.43,North,Email,2089.33,Low Income
CX6196419795,9/4/2022,5884.24,North,Influencers,2486.72,Middle Income
CX9306526686,9/4/2022,3066.77,East,Paid Search,2169.2,Low Income
CX4073541312,9/6/2022,1756.07,West,Paid Search,1211.56,Low Income
CX8695960684,9/8/2022,1151.52,East,Influencers,609.55,Low Income
CX2673249154,9/10/2022,7870.78,East,TV Ads,5354.93,Middle Income
CX8921940611,9/11/2022,4797.45,West,Influencers,1580.33,Low Income
CX9593062075,9/12/2022,1970.46,North,Influencers,621.44,Low Income
CX6109654414,9/12/2022,1891.87,South,Influencers,634.03,Middle Income
CX3413827535,9/13/2022,1764.35,South,TV Ads,1001.52,Middle Income
CX4104136108,9/14/2022,6873.32,North,Email,4354.23,Low Income
CX1953260478,9/14/2022,6243.13,West,Paid Search,4627.85,Low Income
CX7277727808,9/14/2022,1185.33,West,Paid Search,536.94,Middle Income
CX3429119825,9/16/2022,7561.35,South,Influencers,4322.84,Middle Income
CX2680878215,9/16/2022,3311.46,North,Paid Search,1716.95,Low Income
CX8104158590,9/18/2022,4640.5,South,Influencers,2426.79,Middle Income
CX4194043980,9/19/2022,1965.85,East,Social Media,1438.22,Middle Income
CX2417366352,9/20/2022,5180.74,West,Influencers,1875.36,High Income
CX3034216678,9/22/2022,3683.94,North,Paid Search,1513.72,High Income
CX6271704545,9/23/2022,3850.94,West,Email,2184.29,High Income
CX5786025710,9/24/2022,2474.41,West,Social Media,1210.43,Low Income
CX5196564837,9/24/2022,2655.12,South,TV Ads,852.5,Low Income
CX7861055607,9/24/2022,9542.98,South,TV Ads,4811.69,Middle Income
CX8011713766,9/25/2022,1761.04,South,TV Ads,770.78,High Income
CX1024670002,9/25/2022,8787.15,West,Email,6419.16,Middle Income
CX7698079714,9/26/2022,7712.76,North,Paid Search,5310.3,High Income
CX1254491660,9/26/2022,8049.59,South,Social Media,2781.11,Low Income
CX3174273851,9/27/2022,1622.18,West,TV Ads,1149.05,High Income
CX3627848222,9/28/2022,7989.23,West,Influencers,3120.64,Middle Income
CX1686318556,9/29/2022,6871.53,South,Social Media,3511.32,Middle Income
CX8364585790,9/29/2022,6382.43,South,TV Ads,2241.68,Low Income
CX8623528174,9/29/2022,6460.54,West,Email,2075.72,High Income
CX4807188856,10/1/2022,8348.65,East,Influencers,2929.49,High Income
CX7837023846,10/1/2022,1185.82,South,Paid Search,895.53,High Income
CX7604812908,10/5/2022,2464.23,East,Influencers,922.4,Middle Income
CX7025987048,10/6/2022,3544.42,East,Paid Search,1325.99,Low Income
CX2883943486,10/8/2022,1704.51,North,Email,938.04,Middle Income
CX6898483775,10/8/2022,2147.99,West,Email,878.93,Low Income
CX7745757025,10/9/2022,9992.54,West,Email,4284.83,Middle Income
CX4039315761,10/10/2022,3793.47,East,Email,2662.2,High Income
CX8048569631,10/11/2022,4413.85,West,TV Ads,3163.49,Middle Income
CX4682557018,10/14/2022,8524.43,East,Social Media,4702.37,High Income
CX3212108366,10/16/2022,2319.65,East,Influencers,837.9,High Income
CX3317226507,10/17/2022,5983.92,North,TV Ads,2874.46,Low Income
CX1502616994,10/18/2022,7134.96,South,Influencers,5643.47,Middle Income
CX4561941056,10/19/2022,7742.64,West,Influencers,4570.61,Low Income
CX8923294037,10/21/2022,9105.78,West,TV Ads,6137.2,High Income
CX4398846484,10/21/2022,3872.77,South,Paid Search,1886.53,Low Income
CX8354115596,10/22/2022,7284.94,West,Paid Search,5704.24,Middle Income
CX7819549211,10/23/2022,5185.94,East,Paid Search,3720.87,Low Income
CX1795854232,10/24/2022,1595.71,East,Influencers,947.47,Low Income
CX2665326563,10/25/2022,1949.69,West,TV Ads,635.11,High Income
CX5516310180,10/26/2022,1816.16,West,Influencers,851.4,Middle Income
CX5726559156,10/26/2022,3407.48,South,Paid Search,1397.44,Low Income
CX9809034650,10/30/2022,7683.01,East,Paid Search,4741.02,Low Income
CX1346290017,10/31/2022,2518.52,East,Social Media,1437.72,Low Income
CX8849123653,11/3/2022,1768.13,North,Paid Search,1384.31,Middle Income
CX5778835895,11/3/2022,9979.31,East,Paid Search,4651.47,Low Income
CX9656450893,11/4/2022,9572.2,North,Influencers,4765.31,Middle Income
CX1847003177,11/5/2022,5857.48,East,TV Ads,4484.52,High Income
CX1899833205,11/5/2022,9209.03,South,Paid Search,5128.27,High Income
CX8672653387,11/8/2022,1811.74,West,Social Media,1386.37,High Income
CX7884459490,11/9/2022,5632.8,North,Social Media,1799.61,High Income
CX3166785902,11/10/2022,3593.3,West,Social Media,1335.88,Middle Income
CX5623523045,11/10/2022,2904.14,West,Influencers,2131.1,Middle Income
CX8193958108,11/10/2022,7418.46,East,TV Ads,5261.22,Low Income
CX9077637655,11/10/2022,4312.15,North,TV Ads,1648.54,Low Income
CX1617764767,11/12/2022,1436.14,East,Influencers,474.48,Middle Income
CX8588945191,11/14/2022,6250.6,West,Paid Search,4803.03,Low Income
CX1859199262,11/14/2022,9279.09,South,Paid Search,6500.71,High Income
CX1280235473,11/14/2022,6191.06,East,Influencers,2896.73,Low Income
CX8152849995,11/16/2022,4109.36,East,Influencers,2509.45,Middle Income
CX4393955835,11/17/2022,5758.98,North,Social Media,4026.68,High Income
CX6485828824,11/17/2022,3542.82,West,TV Ads,1596.31,Middle Income
CX9654866095,11/18/2022,4076.32,East,TV Ads,2203.72,Low Income
CX5304208433,11/19/2022,4068.39,West,TV Ads,1866.43,Low Income
CX3793996382,11/20/2022,1058.48,West,Influencers,349.37,High Income
CX4602434032,11/20/2022,7493.67,South,TV Ads,5074.51,Low Income
CX2007736869,11/21/2022,7833.11,North,Paid Search,2770.78,High Income
CX6091769131,11/23/2022,4179.26,West,Email,3092.96,Low Income
CX8631011041,11/23/2022,6757.73,North,Email,5033.3,High Income
CX1097198092,11/23/2022,6130.62,North,Influencers,3740.91,Low Income
CX8728578646,11/25/2022,1396.41,North,Social Media,439.32,High Income
CX5378641090,11/26/2022,4783.22,South,Paid Search,3569.66,Low Income
CX6615376990,11/29/2022,3947.87,West,Paid Search,1713.58,High Income
CX7616954049,11/30/2022,5709.99,West,Email,4381.56,High Income
CX1401346882,12/2/2022,9735.84,South,Social Media,4241.23,High Income
CX1868673336,12/4/2022,8058.46,West,Social Media,4843.55,High Income
CX3038477590,12/4/2022,5497.73,South,Influencers,2446.68,Low Income
CX6071882439,12/6/2022,2552.85,West,Paid Search,1093.67,High Income
CX8523614982,12/6/2022,8468.83,North,Email,4691.45,Low Income
CX9083730103,12/8/2022,3568.15,West,TV Ads,1686.15,High Income
CX5327443458,12/9/2022,4630.35,South,Influencers,3192.39,High Income
CX5617216272,12/10/2022,7474.78,North,Influencers,5966.9,Middle Income
CX4382838208,12/11/2022,5951.77,South,Email,3292.07,Middle Income
CX4185248105,12/15/2022,8539.79,South,Paid Search,4868.49,Low Income
CX8501057109,12/17/2022,1019.54,East,TV Ads,387.67,Middle Income
CX3404787702,12/20/2022,5120.65,North,TV Ads,2281.48,High Income
CX1887927239,12/20/2022,9369,South,Paid Search,7323.39,High Income
CX1714111973,12/20/2022,9223.12,West,Email,5507.5,Middle Income
CX8755822823,12/20/2022,6659.04,West,Influencers,4024.36,High Income
CX4951401843,12/23/2022,8993.58,West,Paid Search,2730.65,Low Income
CX2694980582,12/25/2022,2422,East,Social Media,1747.27,Low Income
CX6210678887,12/29/2022,3750.07,East,Social Media,2149.75,Middle Income
CX8638334404,12/29/2022,3171.95,East,Email,1377.49,Middle Income
CX4091258460,12/29/2022,9651.75,North,Influencers,6031.72,Low Income
CX6334230634,12/29/2022,6141.42,West,TV Ads,3165.02,Middle Income
CX7836997225,12/30/2022,3110.5,North,Email,2285.3,High Income
CX2579212619,12/31/2022,9384.25,South,TV Ads,5358.27,High Income
CX8962214274,12/31/2022,6710.79,West,Influencers,4946.35,Low Income
CX2108950657,1/1/2023,2243.78,South,Social Media,717.77,Low Income
CX2932903541,1/1/2023,7681.96,North,Social Media,3048.37,Low Income
CX8168700668,1/2/2023,6962.19,South,Influencers,4797.83,Middle Income
CX9050309586,1/3/2023,2093.18,South,TV Ads,912.61,Middle Income
CX9692618892,1/3/2023,9188.79,East,Paid Search,5921.42,Middle Income
CX8760199673,1/5/2023,7790.34,North,Paid Search,5445.34,Low Income
CX3324418516,1/6/2023,3957.46,West,TV Ads,3115.26,Low Income
CX2198548356,1/7/2023,4148.76,West,Paid Search,1679.94,Low Income
CX5232888467,1/11/2023,2539.69,South,Social Media,1739.76,Low Income
CX8470250981,1/13/2023,1342.26,South,Email,795.98,Low Income
CX9396705858,1/14/2023,9195.11,West,Email,6500.4,High Income
CX9556803057,1/17/2023,6149.99,East,TV Ads,2471.26,Middle Income
CX4295810568,1/17/2023,1683.66,North,Influencers,959.52,High Income
CX3251686323,1/18/2023,5343.76,West,Influencers,2268.34,Middle Income
CX8071974244,1/18/2023,7316.12,West,Social Media,5236.74,Low Income
CX5769437604,1/20/2023,2514.51,North,Influencers,1627.62,Middle Income
CX4693330447,1/21/2023,9822.66,North,Paid Search,7320.31,Low Income
CX8008280642,1/22/2023,5501.41,North,Influencers,2561.26,High Income
CX1066672290,1/22/2023,7882.27,South,Email,3092.91,Middle Income
CX2207906544,1/26/2023,7600.64,East,Email,3588.48,Middle Income
CX6891763769,1/26/2023,9161.69,North,Influencers,4215.29,Middle Income
CX2012768677,1/26/2023,8924.18,North,Influencers,3752.11,Low Income
CX8850175018,1/28/2023,1761.3,South,TV Ads,636.06,High Income
CX6707327630,1/28/2023,7942.11,West,TV Ads,2734.68,High Income
CX8052272771,1/29/2023,7469.38,East,Social Media,4953.22,Low Income
CX2842324630,1/30/2023,3669.26,North,TV Ads,2042.46,Middle Income
CX5685757059,1/30/2023,8182.24,South,Email,5395.59,Middle Income
CX9194508494,1/31/2023,2728.41,East,TV Ads,1789.9,Low Income
CX7928747426,1/31/2023,7214.56,East,Influencers,2344.04,High Income
CX3811334036,2/3/2023,8769.95,North,Social Media,5713.09,Low Income
CX1119602151,2/4/2023,1713.49,North,Email,1288.01,High Income
CX7433337752,2/4/2023,6425.17,East,Paid Search,2251.95,Low Income
CX2925349529,2/4/2023,9156.02,East,Paid Search,5342.14,High Income
CX9668037404,2/5/2023,3633.04,North,TV Ads,2172.94,High Income
CX2755011405,2/6/2023,5033.04,East,Email,2728.94,Middle Income
CX9810640215,2/6/2023,9713.35,West,Email,7532.18,Low Income
CX5381050954,2/7/2023,2289.78,South,Social Media,968.83,Middle Income
CX7233113471,2/7/2023,9287.07,East,Influencers,6386.93,Middle Income
CX4040123186,2/7/2023,7359.96,West,Paid Search,4217.23,High Income
CX3372676152,2/9/2023,8549.95,South,Email,4288.99,Low Income
CX4588888620,2/10/2023,4832.48,South,Email,2225.66,Low Income
CX5252312851,2/11/2023,1368.36,East,Social Media,782.16,Middle Income
CX4620984214,2/12/2023,9989.1,East,Social Media,3703.18,Low Income
CX9473664285,2/13/2023,8360.96,East,Paid Search,3042.86,Middle Income
CX6243678926,2/15/2023,6338.88,West,Email,2635.96,Low Income
CX1383486036,2/15/2023,9747.74,South,Email,4411.84,Middle Income
CX7349695417,2/16/2023,4663.06,South,TV Ads,2491.49,High Income
CX3387876553,2/21/2023,4872.15,West,Social Media,1787.77,Low Income
CX8413319431,2/22/2023,7780.44,North,Social Media,3211.32,High Income
CX7043947231,2/25/2023,8004.19,North,Social Media,5869.91,High Income
CX2900386327,2/25/2023,1871.93,South,Influencers,639.28,Low Income
CX1982797601,3/1/2023,6704.59,North,Email,5153.34,Low Income
CX1598650367,3/1/2023,9764.86,South,Social Media,7777.87,Low Income
CX4960455606,3/4/2023,7231.73,East,Email,5736.32,High Income
CX9338210659,3/6/2023,4983.66,North,Email,2271.11,High Income
CX2098569022,3/7/2023,9137.79,West,Paid Search,6522.07,Low Income
CX7885512325,3/9/2023,2258.68,East,Email,791.41,Middle Income
CX6836589149,3/10/2023,5939.03,North,Paid Search,3374.02,High Income
CX9433695739,3/11/2023,7900.31,East,Email,3499.18,Middle Income
CX4507279480,3/11/2023,8455.69,South,Influencers,5040.08,Middle Income
CX6179242752,3/14/2023,8477.26,North,TV Ads,2943.39,Middle Income
CX4593553204,3/14/2023,5672.55,South,Email,3156.31,Middle Income
CX3805415057,3/14/2023,7003.36,East,Influencers,4252.12,Low Income
CX8715933038,3/14/2023,3280.22,West,TV Ads,1628.94,High Income
CX3852537821,3/15/2023,6201.97,South,Social Media,4461.18,High Income
CX6160527112,3/16/2023,6768.61,North,TV Ads,3332.99,Low Income
CX4736337879,3/18/2023,6809.87,North,Email,3420.31,High Income
CX1251983307,3/20/2023,4441.37,West,Email,2513.99,Low Income
CX5531700019,3/20/2023,9513.17,East,Social Media,4493.07,Low Income
CX7423246866,3/21/2023,3689.75,South,Email,2699.72,High Income
CX2126499358,3/24/2023,7057.11,West,Social Media,5176.69,Low Income
CX3246205490,3/26/2023,2832.25,West,TV Ads,1285.11,Middle Income
CX9363797657,3/26/2023,9786.3,North,Influencers,4809.62,Middle Income
CX8641913178,3/27/2023,1774.02,South,Email,1251.14,Low Income
CX2899044457,3/28/2023,8516.89,North,Email,5831.97,Low Income
CX3188411010,3/28/2023,5875.57,South,Influencers,4387.61,Low Income
CX3745622037,3/30/2023,9700.19,South,Email,5047.85,Low Income
CX4366444331,3/30/2023,4148.43,West,Email,1809.18,High Income
CX9033891359,3/30/2023,9888.06,North,Influencers,6466.37,High Income
CX5343682829,3/31/2023,3113.62,East,Social Media,1407.75,High Income
CX3463688897,4/2/2023,7483.36,East,Influencers,2687.1,Middle Income
CX2524441334,4/5/2023,8314.67,West,Influencers,5654.2,Low Income
CX9045865169,4/5/2023,3566.83,South,TV Ads,2262.75,Middle Income
CX3756284343,4/8/2023,5136.95,South,Paid Search,2589.75,Low Income
CX9877896181,4/11/2023,9754.65,South,Paid Search,2969.83,High Income
CX3793407014,4/13/2023,9216.2,West,TV Ads,6568.85,Low Income
CX5276019572,4/13/2023,6802.87,West,Influencers,2862.75,Middle Income
CX6404288743,4/13/2023,2470.3,South,Paid Search,1376.52,Low Income
CX2691859837,4/13/2023,7130.98,North,Social Media,3854,Low Income
CX8894066768,4/15/2023,3031.02,West,Email,1012.68,High Income
CX4144434139,4/16/2023,5573.55,East,Social Media,2948.36,Middle Income
CX1760280397,4/16/2023,4491.93,West,Influencers,1582.1,High Income
CX5533730103,4/17/2023,4542.46,South,TV Ads,2078.74,Middle Income
CX9492543238,4/17/2023,9498.49,East,TV Ads,7580.61,Low Income
CX3312602844,4/18/2023,2268.6,East,Influencers,1753.86,High Income
CX3948734173,4/19/2023,8275.23,West,Email,5918.31,Middle Income
CX3525304442,4/20/2023,1605.97,East,Paid Search,863.91,Middle Income
CX6603046360,4/21/2023,1043.91,East,Influencers,790.24,High Income
CX5649739198,4/23/2023,2279.63,West,Social Media,1590.55,High Income
CX4231799798,4/26/2023,5587.79,South,Paid Search,1936.99,Low Income
CX6086666076,4/28/2023,7797.05,South,Influencers,6077.38,Low Income
CX1692061459,4/29/2023,9427.15,East,Social Media,4367.75,Middle Income
CX2957170867,4/30/2023,9260.03,East,Social Media,5176.59,Low Income
CX4093826558,5/1/2023,3420.3,East,Email,2120.7,Middle Income
CX9790008519,5/2/2023,5853.28,North,Influencers,3159.84,Middle Income
CX2493884511,5/3/2023,7900.25,West,Influencers,5573.56,Middle Income
CX9803243296,5/4/2023,9760.81,East,Influencers,3811.61,Middle Income
CX4261547712,5/4/2023,5205.3,East,Email,2283.95,Middle Income
CX9646684605,5/7/2023,7487.09,West,Influencers,3225.42,Low Income
CX2575753024,5/7/2023,5234.27,East,TV Ads,3069.19,Low Income
CX3078410951,5/8/2023,8780.3,South,TV Ads,3570.02,Low Income
CX3856651227,5/10/2023,6592.63,East,Social Media,3100.5,Middle Income
CX2518418384,5/11/2023,1411.4,East,Paid Search,634.52,Low Income
CX9097785341,5/12/2023,1105.23,East,Email,754.52,High Income
CX6094144736,5/14/2023,2833.68,North,Paid Search,1704.1,Middle Income
CX6501609424,5/14/2023,3124.68,East,Influencers,2031.09,Low Income
CX4968830542,5/15/2023,2152.94,East,Paid Search,987.6,Middle Income
CX7669539843,5/16/2023,6150.77,North,Email,4738.18,High Income
CX5461782067,5/16/2023,1762.16,South,TV Ads,1225.57,High Income
CX3584762350,5/19/2023,9782.04,South,Email,7782.7,Middle Income
CX1205298294,5/21/2023,5060.69,North,Influencers,3307.41,Low Income
CX7563371523,5/23/2023,2612.37,West,Email,1500.07,Low Income
CX6585139496,5/23/2023,6827.49,East,TV Ads,4773.93,High Income
CX5727848687,5/23/2023,5531.41,East,Social Media,3105.67,Middle Income
CX2891740030,5/24/2023,9187.54,East,Email,6725.11,High Income
CX7559112788,5/25/2023,5205.82,South,Influencers,1807.66,High Income
CX4431840190,5/26/2023,5563.91,East,Email,3071.79,High Income
CX3277348712,5/26/2023,2237.38,North,TV Ads,1488,High Income
CX6559825133,5/27/2023,3124.73,North,Social Media,2360.98,Low Income
CX6575016879,5/28/2023,7739.09,West,Paid Search,6035.77,Middle Income
CX4868317998,5/28/2023,3591.02,South,Influencers,1891.22,Low Income
CX4774819932,5/29/2023,8548.33,East,TV Ads,5023.31,High Income
CX6443860502,5/30/2023,4479.49,North,Email,3349.38,High Income
CX7240225505,6/3/2023,4602,West,TV Ads,1985.36,Middle Income
CX7240469674,6/4/2023,5506.64,South,Social Media,3676.14,Low Income
CX8939665713,6/4/2023,2934.64,East,Email,1140.17,Low Income
CX6301959438,6/5/2023,8621.05,South,Influencers,5715.4,High Income
CX1991903756,6/5/2023,7820.73,South,TV Ads,4247.32,Middle Income
CX1616064995,6/6/2023,6037.07,East,Email,3444.98,High Income
CX4957051088,6/7/2023,3364.68,West,Paid Search,1563.94,High Income
CX5636036713,6/7/2023,3549.09,East,Email,2631.09,Low Income
CX6513465431,6/8/2023,8868.55,East,Social Media,4840.47,High Income
CX6610617348,6/10/2023,8325.19,South,Influencers,6517.84,High Income
CX4090389405,6/10/2023,3873.44,South,Influencers,2148.63,High Income
CX4857285947,6/11/2023,7580.64,South,Influencers,2962.25,High Income
CX1001621476,6/14/2023,8719.27,North,TV Ads,4228.95,Middle Income
CX6135088459,6/18/2023,3699.15,South,Influencers,2124.12,Low Income
CX3612736777,6/18/2023,1908.72,North,Paid Search,745.71,High Income
CX6409325893,6/18/2023,3264.79,South,Email,2331.77,Middle Income
CX9239575801,6/19/2023,6577.04,South,Paid Search,3131.91,Low Income
CX8229716724,6/22/2023,6671.65,East,TV Ads,2415.27,High Income
CX6440360310,6/22/2023,9866.04,South,Social Media,5305.28,Low Income
CX2240579941,6/22/2023,1155.63,West,Social Media,690.31,Low Income
CX3085363966,6/23/2023,3903.11,East,Paid Search,1491,High Income
CX7660871535,6/24/2023,7181.81,North,TV Ads,5163.7,Middle Income
CX3353942794,6/24/2023,8817.72,West,Paid Search,6462.55,Low Income
CX8837900283,6/24/2023,2797.89,West,Social Media,1598.31,Middle Income
CX7667384381,6/27/2023,2945.76,South,Social Media,1111.96,High Income
CX8787831088,6/27/2023,7756.89,West,Social Media,5726.42,High Income
CX1433228900,6/28/2023,5765.05,East,Email,1868.84,Middle Income
CX4462305990,6/28/2023,3094.56,South,Email,2330.13,Middle Income
CX1953691641,6/28/2023,1579.41,East,Email,860.97,Middle Income
CX4617172309,6/29/2023,2069.4,North,TV Ads,1064.24,Middle Income
CX2072515741,7/1/2023,1973.04,North,Paid Search,1068.18,High Income
CX5192515970,7/2/2023,5765.45,East,TV Ads,2575.14,Low Income
CX7253243325,7/2/2023,3673.93,East,Social Media,2692.56,Middle Income
CX8393235469,7/3/2023,8785.49,North,TV Ads,5809.22,High Income
CX4601578748,7/4/2023,7492.01,South,TV Ads,4361.39,Low Income
CX3713086332,7/4/2023,1360.75,South,Email,499.97,Low Income
CX9991549296,7/5/2023,9045.22,North,Social Media,3590.49,High Income
CX4279200026,7/5/2023,1066.81,North,Paid Search,378.62,High Income
CX3833647890,7/6/2023,8024.4,West,Social Media,4737.32,High Income
CX5348591657,7/8/2023,3605.89,East,Paid Search,1815.89,Middle Income
CX7010324074,7/8/2023,7783.23,South,Influencers,3335.48,Middle Income
CX7590343681,7/9/2023,6073.06,South,Email,3616.96,High Income
CX5594008147,7/10/2023,3171.57,North,Social Media,2008.62,Low Income
CX4630247179,7/12/2023,1767.99,North,Influencers,1309.25,High Income
CX4903272540,7/14/2023,8294.6,West,Social Media,5575.56,High Income
CX6326143856,7/15/2023,4250.04,East,Email,3131.9,High Income
CX1947483839,7/17/2023,6585.28,South,Influencers,3808.56,Low Income
CX8722848493,7/19/2023,2831.77,East,Paid Search,930.7,Middle Income
CX5711335087,7/20/2023,4594.25,North,Social Media,2561.37,High Income
CX2429988366,7/20/2023,6896,South,Paid Search,4889.9,Middle Income
CX2321272662,7/20/2023,6059.41,East,TV Ads,2925.5,Middle Income
CX1365366285,7/21/2023,8372.44,West,Email,6220.92,Middle Income
CX1767631966,7/22/2023,3404.68,North,Influencers,1681.07,Low Income
CX4383726345,7/23/2023,9028.33,South,Email,6841.59,Middle Income
CX3818031583,7/25/2023,8048.06,East,Email,4493.95,Middle Income
CX5504587269,7/26/2023,7926.01,South,Social Media,4141.5,Middle Income
CX4203836752,7/26/2023,8807.42,East,Influencers,3668.24,Middle Income
CX1468136765,7/29/2023,3735.75,West,Influencers,2682.27,High Income
CX3104859526,7/31/2023,6083.89,East,TV Ads,3056.56,Low Income
CX6023000784,7/31/2023,4421.65,South,Social Media,2873.91,Middle Income
CX9725955330,8/1/2023,3399.75,East,Influencers,2380.13,Middle Income
CX6651993666,8/2/2023,1726.52,East,Influencers,960.53,Middle Income
CX7939972717,8/3/2023,8639.41,North,Influencers,5862.14,Low Income
CX5222461894,8/4/2023,4652.7,West,Email,3710.13,Low Income
CX8625184482,8/4/2023,2527.19,East,Influencers,1586.65,Middle Income
CX8052300353,8/8/2023,5899.47,South,Influencers,2414.05,High Income
CX9818850114,8/12/2023,5917.68,East,Paid Search,2847.89,High Income
CX6866909004,8/14/2023,4019.69,South,Influencers,1612.58,Middle Income
CX3192250041,8/16/2023,5257.57,South,Social Media,3915.11,Middle Income
CX8361745757,8/17/2023,7665.24,East,Influencers,3251.31,Low Income
CX5619172645,8/18/2023,2251.14,East,Influencers,1458.63,High Income
CX4474626873,8/19/2023,6997.7,East,TV Ads,2675,High Income
CX8700633461,8/20/2023,4198.54,North,Influencers,2950.68,Low Income
CX2904370550,8/20/2023,9925.86,East,TV Ads,6840.58,High Income
CX7573086969,8/22/2023,2381.37,West,Email,1661.22,High Income
CX6828481307,8/23/2023,2176.13,West,Social Media,1563.38,High Income
CX1313507525,8/24/2023,9169.78,South,TV Ads,3895.94,Low Income
CX4938549461,8/24/2023,6377.84,North,Paid Search,3163.13,Middle Income
CX7141092798,8/25/2023,5212.5,North,TV Ads,2900.42,High Income
CX4525398144,8/25/2023,4990.42,East,Paid Search,3736.74,High Income
CX4207459882,8/28/2023,6244.7,East,Influencers,4116.14,Low Income
CX9437704558,8/28/2023,9647.68,North,Email,4103.32,Middle Income
CX1292513415,8/29/2023,1947.8,South,Email,1318.31,High Income
CX8959799665,8/30/2023,3472.77,North,Social Media,2039.86,Middle Income
CX2087847541,8/31/2023,2443.03,East,Influencers,1456.67,High Income
CX5419831063,9/1/2023,8919.73,East,Influencers,5073.86,Middle Income
CX3458178282,9/2/2023,8340.05,East,Paid Search,4461.38,Middle Income
CX5512080336,9/2/2023,9340.57,East,Influencers,5487.52,Middle Income
CX4961124476,9/2/2023,2988.83,North,Email,922.23,High Income
CX2314357272,9/3/2023,3627.4,South,Social Media,1338.67,Low Income
CX7264146563,9/6/2023,8476.7,North,Paid Search,6521.59,Middle Income
CX8110118586,9/6/2023,6259.68,East,Paid Search,3651.49,Low Income
CX5659791948,9/8/2023,3821.69,South,Social Media,3016.07,Low Income
CX2635502440,9/10/2023,4085.48,West,Paid Search,2868.67,Low Income
CX2716095797,9/11/2023,1555.49,South,Social Media,491.22,High Income
CX9932796827,9/14/2023,3172.44,East,Email,2160.43,Low Income
CX1199564102,9/16/2023,4451.8,South,Paid Search,1384,Middle Income
CX2870420786,9/18/2023,2129.39,South,Paid Search,1145.62,High Income
CX5009100454,9/20/2023,6344.03,North,Email,2573.76,Middle Income
CX2643673222,9/22/2023,1916.54,West,TV Ads,955.21,High Income
CX3308708807,9/23/2023,2709.44,North,Social Media,1256.76,Low Income
CX2158336683,9/25/2023,2238.42,North,TV Ads,1541.44,Low Income
CX3885704514,9/26/2023,8713.98,North,Influencers,4219.14,High Income
CX4671697118,9/26/2023,9617.93,South,TV Ads,2990.96,Middle Income
CX7026793384,9/27/2023,7127.38,West,Social Media,2639.4,Low Income
CX8746292424,9/29/2023,7617.56,South,TV Ads,3625.81,High Income
CX1014284241,9/29/2023,2586.05,East,Social Media,901.8,Middle Income
CX9083364048,10/1/2023,9650.65,South,Email,3454.35,Low Income
CX9148898967,10/1/2023,2154.64,West,Influencers,1034.88,Middle Income
CX4329942124,10/2/2023,9619.2,North,Influencers,3383.08,Middle Income
CX6328678835,10/2/2023,6945.08,North,Social Media,3790.93,High Income
CX1651497125,10/2/2023,2091.8,East,TV Ads,1002.74,High Income
CX1509584552,10/2/2023,3265.02,North,Paid Search,2349.06,High Income
CX7782207722,10/3/2023,4785.32,North,TV Ads,2928.83,High Income
CX6046453833,10/3/2023,6493.62,East,TV Ads,3386.61,Middle Income
CX8897451534,10/3/2023,8253.93,West,TV Ads,5438.71,Middle Income
CX3905371311,10/4/2023,4084.57,North,Paid Search,1616.07,Middle Income
CX8952470489,10/4/2023,9312.89,North,Influencers,5116.44,High Income
CX6773149261,10/5/2023,1458.44,North,Social Media,650.48,High Income
CX5554807361,10/5/2023,8308.23,South,Influencers,6147.57,Low Income
CX6051617744,10/6/2023,1678.44,East,Influencers,1254.19,High Income
CX1170463194,10/6/2023,9863.68,South,Social Media,6254.31,Low Income
CX9430364261,10/8/2023,9604.08,South,Paid Search,3273.03,High Income
CX4383298076,10/12/2023,8225.14,North,Social Media,5549.45,High Income
CX4808978805,10/14/2023,6161.18,North,Social Media,4085.82,High Income
CX2613179350,10/16/2023,3869.04,South,TV Ads,1883.49,Middle Income
CX3810712775,10/17/2023,3427.55,South,Social Media,1529.45,High Income
CX8491982587,10/18/2023,9387.04,West,Influencers,4591.32,Middle Income
CX3291039604,10/19/2023,9472.48,West,TV Ads,7317.51,Low Income
CX9817276565,10/20/2023,2085.02,East,Paid Search,1629.69,Low Income
CX9195226795,10/22/2023,9891.23,South,Paid Search,7304.7,Middle Income
CX7369070574,10/25/2023,2729.86,West,Email,911.37,Low Income
CX3987402864,10/26/2023,3949.23,North,TV Ads,1440.82,Low Income
CX5040692113,10/26/2023,6705.99,West,Paid Search,4606.42,Low Income
CX5187977942,10/29/2023,3231.46,North,Influencers,1257.19,Low Income
CX4303301927,10/30/2023,9783.66,North,Social Media,7605.88,Low Income
CX9362399528,10/30/2023,7208.75,East,Paid Search,2223.58,High Income
CX3457004311,11/1/2023,7790.17,North,Social Media,5281.87,Low Income
CX1568251695,11/1/2023,3962.34,North,Influencers,1221.9,High Income
CX4958616736,11/4/2023,8198.18,West,Social Media,3377.49,High Income
CX9883633351,11/4/2023,4499.97,West,Paid Search,2964.94,High Income
CX6168689898,11/5/2023,1968.49,East,Email,739.93,Low Income
CX2415608824,11/5/2023,6638.63,South,TV Ads,4818.39,Middle Income
CX3022874150,11/6/2023,4452.7,North,Influencers,3180.76,Middle Income
CX8153419385,11/7/2023,2355.9,West,Paid Search,1573.01,Low Income
CX3082986510,11/8/2023,7527.92,South,Email,3192.8,Middle Income
CX2688791467,11/9/2023,8671.56,South,Email,6269.79,Low Income
CX6519648302,11/11/2023,3221.44,East,Influencers,2372.36,Middle Income
CX3513196499,11/12/2023,7539.18,West,Email,4643.86,Middle Income
CX8072187726,11/12/2023,2847.83,South,Paid Search,1960.06,Low Income
CX2633965377,11/15/2023,5288.94,North,TV Ads,4057.12,High Income
CX5311610761,11/15/2023,3847.97,South,Paid Search,2804.14,Low Income
CX9860933428,11/15/2023,8813.03,East,Social Media,4585.24,Low Income
CX8303831035,11/16/2023,8253.87,North,Social Media,3538.71,High Income
CX5679115001,11/16/2023,4589.09,East,Paid Search,1383.6,Middle Income
CX4641167639,11/16/2023,9575.7,West,TV Ads,6349.62,High Income
CX9160837815,11/17/2023,3291.51,East,TV Ads,1939.23,Low Income
CX6387922225,11/17/2023,2605.2,North,TV Ads,1101.82,High Income
CX2811043759,11/20/2023,7437.95,North,Influencers,3793.37,High Income
CX4627921272,11/24/2023,6105.84,East,Paid Search,4093.28,High Income
CX1237298379,11/24/2023,8752.88,North,Paid Search,5491.39,Low Income
CX1378510946,11/24/2023,5381.25,North,Social Media,2507.96,Middle Income
CX1744817145,11/25/2023,5794.71,East,Paid Search,1917.05,Low Income
CX3858020746,11/26/2023,3422.9,South,Influencers,2220.86,Low Income
CX5221978840,11/26/2023,5277.68,East,Paid Search,3745.3,Low Income
CX6398526993,11/29/2023,6432.12,South,Email,4828.76,Low Income
CX3447757877,11/30/2023,1281.88,East,Social Media,634.13,Low Income
CX9636223849,12/3/2023,5627.05,North,Paid Search,2020.77,High Income
CX1693736114,12/3/2023,6590.33,East,Email,5224.36,Middle Income
CX4463534077,12/9/2023,2751.56,West,Influencers,1550.4,Low Income
CX1423816561,12/9/2023,9006.2,South,Social Media,3829.35,Middle Income
CX4992389692,12/11/2023,1605.54,North,Influencers,577.88,Low Income
CX3176065441,12/11/2023,6031.17,South,Email,4664.01,High Income
CX4218396281,12/13/2023,7816.68,West,Paid Search,6001.42,High Income
CX7157196369,12/17/2023,1019.9,North,Influencers,392.75,Low Income
CX1794397620,12/19/2023,3304.92,North,Paid Search,1080.57,High Income
CX8170972996,12/19/2023,3650.75,North,Social Media,2250.31,High Income
CX5162209279,12/20/2023,5874.79,West,TV Ads,4063.82,High Income
CX5421322884,12/20/2023,8835.83,South,Influencers,4045.51,Middle Income
CX4727165370,12/21/2023,1317.28,South,Influencers,463.22,High Income
CX2332468405,12/21/2023,8420.27,South,Paid Search,5536.49,Low Income
CX3901249472,12/21/2023,4328.6,East,TV Ads,3124.24,High Income
CX9167401991,12/22/2023,1161.39,South,TV Ads,592.65,Low Income
CX7479294312,12/23/2023,7937.22,North,Influencers,3460.95,Middle Income
CX5549901514,12/25/2023,4867.99,West,Paid Search,1563.73,High Income
CX2360956517,12/26/2023,2066.79,West,TV Ads,1279.52,Middle Income
CX5548653840,12/27/2023,1718.63,North,Paid Search,1261.15,Low Income
CX3278774876,12/27/2023,8804.27,East,Influencers,3429.26,Middle Income
CX6412184706,12/30/2023,2874.13,South,Email,1554.62,Middle Income
CX3557900478,12/30/2023,1477.24,West,Social Media,725.51,Middle Income
CX3829317839,1/1/2024,7000.11,East,Influencers,5011.17,Low Income
CX4435651270,1/2/2024,1363.97,North,Social Media,975.42,Middle Income
CX9022419931,1/2/2024,2346.7,East,Influencers,1427.27,Low Income
CX8834055701,1/2/2024,2594.16,West,Influencers,1295.76,Low Income
CX3489017501,1/4/2024,8915.99,West,Paid Search,4717.37,High Income
CX2921799541,1/5/2024,3369.81,North,Social Media,1398.38,Middle Income
CX7123457902,1/5/2024,5816.17,South,TV Ads,1789.11,Low Income
CX6024305502,1/6/2024,8808.34,South,Social Media,6977.76,Middle Income
CX2285211210,1/8/2024,8008.93,North,Social Media,2540.8,Middle Income
CX5394419162,1/8/2024,5427.15,South,Influencers,3496.17,High Income
CX4687079860,1/8/2024,1121.34,South,Social Media,575.46,High Income
CX6328171997,1/10/2024,2696.31,West,Social Media,989.77,Middle Income
CX1795637142,1/10/2024,3575.03,West,Paid Search,1970.39,High Income
CX6495894536,1/11/2024,5564.77,East,Paid Search,2261.19,High Income
CX4798531966,1/11/2024,5467.66,South,Social Media,2244.83,Middle Income
CX1683959169,1/11/2024,3895.23,East,Paid Search,1440.66,Middle Income
CX4334585637,1/11/2024,3620.6,South,Email,2463.32,Low Income
CX6332050700,1/12/2024,1019.23,South,Influencers,597.2,Low Income
CX6619568736,1/13/2024,4344.33,East,Influencers,1711.33,Low Income
CX4984914298,1/13/2024,1714.63,West,Paid Search,584.1,Middle Income
CX4438484077,1/15/2024,8884.08,North,Paid Search,4484.1,Low Income
CX3622657717,1/16/2024,1337.24,East,TV Ads,888.13,Low Income
CX2177893697,1/17/2024,3875.97,South,TV Ads,2075.63,Low Income
CX4140145891,1/19/2024,8461.24,West,Social Media,6217.52,High Income
CX5310325666,1/21/2024,5471.11,East,Email,3980.1,Middle Income
CX3128224702,1/22/2024,5836.39,East,Social Media,3192.7,Middle Income
CX7428382506,1/23/2024,7010.71,West,Influencers,5009.36,Middle Income
CX4934752255,1/24/2024,5960.62,South,Influencers,4675.64,Middle Income
CX1589948071,1/26/2024,7428.61,West,Paid Search,3577.06,Middle Income
CX8407684995,1/27/2024,5922.46,North,Email,4226.63,Middle Income
CX4503179252,1/27/2024,5278.74,East,Social Media,2435.47,Low Income
CX1033404559,1/28/2024,4252.72,South,Paid Search,1737.95,Low Income
CX5174375676,1/28/2024,2688.62,North,Paid Search,2022.63,Middle Income
CX2254104005,1/28/2024,5343.09,West,TV Ads,3001.56,Low Income
CX6567184814,1/29/2024,1938.63,South,TV Ads,1303.83,Middle Income
CX4517473279,1/29/2024,5974.94,West,Paid Search,3575.35,Middle Income
CX6511414244,2/2/2024,3960.28,North,Paid Search,2427.12,Low Income
CX4858491767,2/3/2024,1649.63,North,Email,958.84,Middle Income
CX2402866960,2/6/2024,3271.13,East,Paid Search,1895.66,Low Income
CX8528967642,2/7/2024,3160.23,South,TV Ads,1911.81,Middle Income
CX8491618976,2/7/2024,2915.74,East,Influencers,1247.93,High Income
CX2128957180,2/7/2024,1235.19,East,Paid Search,529.1,High Income
CX2281929040,2/7/2024,6290.2,West,Email,4858.38,Low Income
CX2494619065,2/8/2024,8725.67,South,Influencers,5716.34,Low Income
CX5919456554,2/9/2024,8456.19,North,Social Media,5397.07,Low Income
CX1273744207,2/10/2024,6656.81,South,TV Ads,3961.89,Low Income
CX1455906326,2/13/2024,5367.18,South,Social Media,1676.57,Low Income
CX1363073355,2/15/2024,5986.93,East,Social Media,4258.65,High Income
CX3036360625,2/17/2024,8504.17,East,Paid Search,6379.13,High Income
CX4205281745,2/18/2024,7324.97,East,Paid Search,3888.73,High Income
CX3796999876,2/20/2024,6463.28,West,TV Ads,5097.57,High Income
CX1075708634,2/20/2024,8154.1,North,Social Media,4474.76,Low Income
CX4483878743,2/20/2024,9908.33,North,Social Media,7272.93,Low Income
CX7647232729,2/21/2024,9690.53,South,Paid Search,7409.6,Low Income
CX7037294729,2/22/2024,1232.25,West,TV Ads,879.37,Middle Income
CX6682202235,2/22/2024,3679.9,East,Email,1585.45,Low Income
CX6690166072,2/23/2024,6929.65,South,TV Ads,4149.21,Middle Income
CX4978265819,2/24/2024,3922.37,South,TV Ads,2175.46,Middle Income
CX6990356569,2/24/2024,8142.05,East,Social Media,2893.13,Middle Income
CX8263224684,2/25/2024,4060.06,North,TV Ads,2200.9,Middle Income
CX6154727150,3/1/2024,4975.25,South,TV Ads,3378.45,Low Income
CX4078801955,3/5/2024,2807.46,West,Paid Search,1072.93,High Income
CX7984419968,3/6/2024,1225.09,West,Paid Search,706.75,Middle Income
CX1713401313,3/7/2024,5170.29,East,Social Media,3088.88,Low Income
CX4219763191,3/7/2024,4192.49,West,Paid Search,3315.87,Middle Income
CX3839532386,3/8/2024,9438.93,East,Social Media,5367.42,Middle Income
CX5131504341,3/8/2024,5317.28,South,Social Media,2171.77,High Income
CX4977914593,3/8/2024,5414.31,South,Paid Search,3211.47,Middle Income
CX5136374801,3/11/2024,8103.61,East,Email,5262.27,Middle Income
CX1191283924,3/13/2024,1920.02,East,Social Media,791.83,Low Income
CX6690970141,3/15/2024,3771.01,North,TV Ads,1973.29,Middle Income
CX6133206347,3/16/2024,5076.49,East,Email,1584.26,Low Income
CX9845474242,3/17/2024,2353.78,North,TV Ads,1490.96,High Income
CX7128297202,3/18/2024,5654.83,West,TV Ads,1872.33,High Income
CX3618199036,3/18/2024,5749.73,South,TV Ads,4532.88,Middle Income
CX7021073983,3/19/2024,3935.93,East,Influencers,2579.6,Low Income
CX4544670339,3/19/2024,3716.83,West,Paid Search,2556.32,Middle Income
CX7609635895,3/21/2024,9249,East,Social Media,6813.29,Low Income
CX3388195816,3/22/2024,5611.58,East,TV Ads,1968.51,High Income
CX9282161844,3/23/2024,7567.97,South,Email,4231.05,Middle Income
CX7029861005,3/25/2024,9614.35,South,Social Media,4315.16,Middle Income
CX1863814508,3/25/2024,3784.87,West,Email,1908.16,Middle Income
CX9519176180,3/26/2024,9115.69,East,Social Media,4196.31,High Income
CX8890700939,3/27/2024,8536.44,South,TV Ads,5074.55,Low Income
CX1342536015,3/28/2024,1823.71,East,TV Ads,1179.18,Low Income
CX4473474790,3/28/2024,2326.68,South,Paid Search,1778.37,Middle Income
CX4935403754,3/28/2024,2271.01,West,Paid Search,848.43,High Income
CX7963426360,3/29/2024,8814.03,West,Social Media,6331.35,Middle Income
CX1630261506,3/29/2024,2590.03,West,Email,1360.21,Middle Income
CX7760346999,3/30/2024,6683.51,West,Social Media,4554.77,Low Income
CX6830914227,3/31/2024,7663.84,East,Email,6117.78,Middle Income
CX1072766943,4/2/2024,9944.52,West,Paid Search,6598.79,Middle Income
CX4396896798,4/2/2024,1777.89,West,Social Media,1327.45,Middle Income
CX7292561057,4/2/2024,1538.38,East,Influencers,1044.55,Middle Income
CX4019428386,4/4/2024,9276.37,South,Email,3604.75,Low Income
CX8633319438,4/5/2024,6592.61,South,Social Media,1982.97,High Income
CX2890025179,4/7/2024,6773.1,East,Social Media,2369.62,High Income
CX3572961627,4/7/2024,5715.17,West,Influencers,1824.83,Low Income
CX8036516509,4/8/2024,5815.87,East,TV Ads,2788.28,High Income
CX4225039474,4/8/2024,4436.26,West,Email,3080.18,Middle Income
CX4109432565,4/9/2024,9590.21,West,Social Media,5334.53,Middle Income
CX7378277660,4/9/2024,1093.53,East,Email,505.96,High Income
CX5403344638,4/10/2024,7716.23,South,TV Ads,5076.25,Middle Income
CX3961948527,4/10/2024,4294.58,West,Social Media,1653.72,Low Income
CX6061295850,4/10/2024,5431.68,North,Paid Search,3092.87,Low Income
CX4585258657,4/11/2024,4134.53,South,Email,3070.45,High Income
CX7562851390,4/11/2024,2796.7,South,Paid Search,1755.85,Low Income
CX5081675341,4/11/2024,3047.42,South,Email,1557.74,High Income
CX1103548313,4/15/2024,7503.61,South,Paid Search,4996.94,High Income
CX9529484629,4/15/2024,2220.22,North,Social Media,1583.2,Middle Income
CX3650125444,4/15/2024,3312.92,East,TV Ads,1263.75,Middle Income
CX3420050738,4/18/2024,8309.09,East,Email,2908.89,Low Income
CX7602229707,4/18/2024,6666.49,East,Influencers,5037.54,High Income
CX3656048892,4/19/2024,7252.25,East,Social Media,2665.75,High Income
CX7939373826,4/21/2024,2178.18,West,Influencers,1105.12,Middle Income
CX8463458575,4/23/2024,7920.91,North,TV Ads,2963.65,High Income
CX1731220569,4/23/2024,8441.84,West,Influencers,5660.18,High Income
CX6863197221,4/24/2024,7836.14,North,Email,3833.01,High Income
CX6084049379,4/24/2024,3925.41,South,Email,2441.32,Middle Income
CX6696029423,4/27/2024,2854.69,South,Email,1592.46,Low Income
CX4644293412,4/27/2024,9750.65,North,Influencers,7518.17,High Income
CX1590350397,4/29/2024,9116.88,East,Email,7287.52,High Income
CX5178987345,4/30/2024,5765.63,West,Social Media,4465.99,High Income
CX8225340499,5/1/2024,3156.58,North,Paid Search,1217.59,Low Income
CX5076096269,5/2/2024,9269.36,East,Paid Search,7011.64,Middle Income
CX9937102064,5/3/2024,9749.71,West,Paid Search,5427.88,High Income
CX7135397977,5/4/2024,3077.72,South,Paid Search,2250.69,Low Income
CX7270716632,5/6/2024,3494.28,South,Paid Search,1822.5,Middle Income
CX1118474965,5/9/2024,2493.33,South,Email,1764.46,Low Income
CX1450014499,5/9/2024,3565.27,North,Influencers,1340.22,Middle Income
CX8915256582,5/9/2024,2936.98,North,TV Ads,969.4,Low Income
CX6964390400,5/10/2024,2672.36,East,Paid Search,1216.86,High Income
CX4473412270,5/16/2024,3055.72,East,Paid Search,1632.14,Low Income
CX9846870479,5/22/2024,2031.7,West,Social Media,1321.47,Low Income
CX7234446136,5/23/2024,9043.25,North,TV Ads,4602.46,High Income
CX7485475759,5/23/2024,5201.27,South,Social Media,3538.63,Low Income
CX7385200905,5/23/2024,5715.88,South,Email,3051.92,High Income
CX1031430527,5/26/2024,1505.07,West,Social Media,904.02,High Income
CX3041487111,5/26/2024,6187.6,South,Paid Search,2666.52,High Income
CX2872922627,5/26/2024,1434.92,East,Social Media,509.18,Middle Income
CX7894829023,5/27/2024,7351.45,West,TV Ads,4307.86,Low Income
CX3568904462,5/30/2024,4844.76,East,Social Media,2591.34,Low Income
CX2870029278,5/31/2024,8005.9,East,Paid Search,2843.21,Middle Income
CX8907203164,5/31/2024,2804.52,North,Social Media,1138.59,High Income
CX6788546794,6/4/2024,1162,South,Influencers,509.37,Low Income
CX1421520079,6/4/2024,2292.97,West,Social Media,692.18,High Income
CX1050320503,6/4/2024,9616.83,East,TV Ads,4992.15,High Income
CX6126178177,6/5/2024,4893.7,East,Influencers,1633.77,Low Income
CX8927261399,6/5/2024,4950.69,East,Email,2232.74,Low Income
CX7485051030,6/5/2024,6848.78,South,TV Ads,2639.84,Middle Income
CX1470868971,6/6/2024,7345.09,East,Social Media,4013.54,Middle Income
CX9704971114,6/9/2024,2252.35,North,Social Media,684.01,High Income
CX7737416310,6/12/2024,4533.9,West,Paid Search,2584.53,Middle Income
CX2497792833,6/14/2024,5533.57,North,Social Media,3308.81,Low Income
CX4489731446,6/14/2024,6526.92,South,Email,2234.79,Low Income
CX4352595364,6/14/2024,2374.29,South,Paid Search,1878.45,Low Income
CX2908935155,6/15/2024,2538.22,West,TV Ads,773.35,High Income
CX7496791227,6/15/2024,2385.02,West,Influencers,1265.92,High Income
CX8133806707,6/15/2024,3925.71,East,TV Ads,2042.31,High Income
CX5098669755,6/15/2024,9036.01,East,TV Ads,7121.21,Middle Income
CX8123185545,6/17/2024,2063.13,North,TV Ads,686.42,High Income
CX2256850517,6/19/2024,1627.07,North,Influencers,878.91,Middle Income
CX9844229049,6/21/2024,4434.25,West,Email,2654.34,High Income
CX6862188319,6/22/2024,3224.28,South,Email,1520.98,Low Income
CX6675265212,6/24/2024,4027,West,Email,2545.96,Middle Income
CX5422745175,6/27/2024,9608.78,South,Paid Search,5027.65,Low Income
CX8425721107,6/28/2024,6659.09,South,Paid Search,2086.76,Middle Income
CX1368771117,6/29/2024,5141.92,North,TV Ads,3676.2,Low Income
CX4814387161,6/29/2024,8719.55,West,TV Ads,4297.89,Low Income
CX4347486875,6/29/2024,4129.39,East,Influencers,2151.6,Middle Income
CX3956970497,6/29/2024,4835.91,South,Paid Search,2002.92,Middle Income
CX1700584257,6/30/2024,8110.4,West,TV Ads,2479.19,Middle Income
CX7796525772,7/1/2024,8340.31,West,Influencers,3243.35,Middle Income
CX6352579199,7/2/2024,5328.25,South,Social Media,3450.25,High Income
CX2804969894,7/2/2024,6132.44,East,Paid Search,4308.46,Middle Income
CX8574265004,7/3/2024,5330.85,West,Email,3301.89,Middle Income
CX5636961881,7/3/2024,3866.06,North,Influencers,1358.82,High Income
CX3984254361,7/3/2024,7438.73,East,Paid Search,2457.32,Low Income
CX6327315657,7/5/2024,1590.63,West,TV Ads,610.93,Low Income
CX7976041075,7/6/2024,1677.14,East,Paid Search,762.97,Low Income
CX3391932056,7/9/2024,8322.78,South,Social Media,5271.23,High Income
CX1525454108,7/9/2024,8588.18,West,Influencers,5205.46,Middle Income
CX2669825274,7/9/2024,8363.41,North,Influencers,4725.89,Low Income
CX7313705664,7/10/2024,1900.82,West,Paid Search,1298.26,High Income
CX8992540087,7/11/2024,8025.44,West,Social Media,4058.1,Middle Income
CX4276072044,7/13/2024,9341.23,West,Paid Search,4311.67,Middle Income
CX1209567701,7/13/2024,3128.26,West,Email,1408.09,Low Income
CX8593124944,7/14/2024,5445.38,East,Paid Search,4293.7,High Income
CX6872183054,7/16/2024,5604.43,East,Social Media,3091.46,Middle Income
CX7706496326,7/16/2024,5534.08,West,Influencers,3409.11,High Income
CX6910835567,7/18/2024,2705.27,West,Social Media,2115.97,High Income
CX1049452645,7/18/2024,5272.21,East,Email,4022.59,Middle Income
CX5539760097,7/20/2024,9917.95,North,TV Ads,3312.02,Low Income
CX4732785364,7/20/2024,1595.18,North,Influencers,717.41,Middle Income
CX5140666634,7/21/2024,4866.57,North,Email,2470.2,High Income
CX2947374318,7/21/2024,1759.79,West,Email,1079.7,Low Income
CX9778628751,7/21/2024,2975.25,East,Influencers,2135.81,Low Income
CX3964616748,7/25/2024,1514.69,South,TV Ads,775.61,Low Income
CX2137311296,7/26/2024,2797.44,East,TV Ads,1167.8,High Income
CX6711808925,7/27/2024,1915.72,East,TV Ads,1094.39,Low Income
CX6871356644,7/27/2024,7711.4,North,Paid Search,5016.37,Middle Income
CX9773194338,7/30/2024,1284.32,North,Email,716.03,Middle Income
CX5281472782,7/30/2024,6398.26,West,Influencers,3323.83,Middle Income
CX5479070364,7/31/2024,6989.41,North,Influencers,4886.22,Low Income
CX8397125601,8/1/2024,6829.81,West,Paid Search,2303.07,Middle Income
CX2868666047,8/1/2024,6679.73,West,Social Media,3608.26,Middle Income
CX9068494085,8/1/2024,3688.03,West,Social Media,2869.43,Middle Income
CX1327630593,8/3/2024,7492.15,West,Paid Search,4194.23,Low Income
CX2151915731,8/3/2024,8347.65,South,TV Ads,4147.03,High Income
CX7660449024,8/4/2024,9948.17,North,TV Ads,6338.13,Middle Income
CX7708503732,8/4/2024,3612.8,South,Social Media,1860.59,Low Income
CX4115918676,8/5/2024,1451.83,South,Influencers,1027.56,Low Income
CX2178083218,8/5/2024,2411.5,East,Email,1149.13,Low Income
CX1953582780,8/5/2024,3188.24,North,Influencers,1864.38,Low Income
CX2579189610,8/9/2024,3220.42,West,Paid Search,1872.58,Low Income
CX6142692515,8/9/2024,5571.77,South,Influencers,3798.93,Middle Income
CX1403724226,8/9/2024,1277.08,West,Paid Search,465.04,High Income
CX4938173200,8/13/2024,2615.38,South,Social Media,1484.05,Low Income
CX2648943814,8/15/2024,7047.16,West,TV Ads,5245.89,Low Income
CX6150567013,8/16/2024,7468.46,South,Paid Search,3839.05,High Income
CX7281300837,8/18/2024,1159.8,West,Paid Search,807.14,High Income
CX8822541848,8/18/2024,7583.94,South,Influencers,3173.34,High Income
CX2201778813,8/20/2024,3998.49,West,Social Media,2977.41,Low Income
CX3265365103,8/20/2024,8493.96,West,Social Media,3969.67,Low Income
CX9844417616,8/21/2024,2833.65,East,Paid Search,2101.86,High Income
CX3817267718,8/21/2024,4905.1,North,Paid Search,1978.53,Low Income
CX5294168708,8/23/2024,2971.8,West,TV Ads,1391.87,High Income
CX3009218591,8/23/2024,8213.54,South,Social Media,5084.34,Low Income
CX2724554450,8/25/2024,1501.78,South,Social Media,605.71,High Income
CX8934457444,8/26/2024,9210.17,East,TV Ads,4771.34,Middle Income
CX1652685678,8/26/2024,8129.48,West,Influencers,5692.19,Low Income
CX2948608678,8/27/2024,4374.12,North,Paid Search,1328.01,Middle Income
CX9517145669,8/27/2024,7811.46,West,Paid Search,3641.23,Middle Income
CX7298618056,8/28/2024,3214.61,West,Influencers,1577.53,Low Income
CX7547008950,9/1/2024,3141.94,North,TV Ads,1217.58,High Income
CX2230475037,9/1/2024,8497.17,East,Paid Search,2603.32,Middle Income
CX7144844929,9/2/2024,9891.05,West,Social Media,4698.67,Middle Income
CX2878924434,9/2/2024,6030.27,South,TV Ads,4245.85,Low Income
CX5075417101,9/3/2024,5073.29,West,Social Media,1687.56,Middle Income
CX5297835653,9/3/2024,8517.55,West,Social Media,3447.46,Middle Income
CX4383620355,9/4/2024,8401.46,North,TV Ads,4749.14,Middle Income
CX4255517293,9/5/2024,9590.52,South,Influencers,6618.55,High Income
CX4537654386,9/7/2024,6020.7,East,Social Media,4247.35,Middle Income
CX2459803210,9/7/2024,5655.15,East,Email,4427.67,Middle Income
CX8525660219,9/8/2024,9799.43,East,Paid Search,3282.23,Low Income
CX4302420206,9/9/2024,6903.44,North,Paid Search,2609.95,Low Income
CX2490408648,9/11/2024,4090.97,West,Social Media,2976.09,Middle Income
CX6441497440,9/14/2024,3857.81,North,Paid Search,2653.73,High Income
CX9982343127,9/16/2024,2498.91,West,TV Ads,1550.91,High Income
CX3892054503,9/17/2024,5982.65,West,Email,4315.67,High Income
CX1237633138,9/18/2024,7398.3,West,Influencers,2865.45,Middle Income
CX9215229543,9/18/2024,5386.87,South,Social Media,2222.35,Middle Income
CX5018777043,9/20/2024,7423.51,North,Social Media,3639.47,Low Income
CX9093058707,9/26/2024,6962.05,South,Influencers,3373.26,High Income
CX2682850337,9/27/2024,9693.9,East,TV Ads,6080.74,Middle Income
CX4511074810,9/27/2024,8958.1,East,Influencers,5629.78,High Income
CX8665881664,9/28/2024,1932.57,East,Paid Search,1361.09,Low Income
CX3475362934,9/28/2024,8655.82,South,Social Media,3687.23,Low Income
CX4954413657,10/2/2024,5986.67,West,TV Ads,2341.6,High Income
CX1295562430,10/6/2024,1516.16,West,Paid Search,922.63,Low Income
CX6026970054,10/6/2024,8326.58,East,Social Media,6146.47,Middle Income
CX1654543229,10/9/2024,5804.85,West,Paid Search,3276.38,Low Income
CX8056594558,10/10/2024,9961.71,West,Paid Search,4750.7,Low Income
CX5301502875,10/12/2024,7491.5,South,Social Media,4094.3,Middle Income
CX3464525147,10/12/2024,1375.71,East,Paid Search,621.08,Middle Income
CX6073412284,10/14/2024,6785.73,East,Influencers,3056.22,High Income
CX5731159580,10/17/2024,9091.49,West,Email,5263.84,Low Income
CX8175430879,10/17/2024,1692.79,East,Email,1069.52,Middle Income
CX2670088093,10/17/2024,2109.56,South,Email,1077.04,Low Income
CX8063550994,10/18/2024,7146.41,East,Influencers,5565.42,Middle Income
CX6566108030,10/18/2024,2754.82,West,Paid Search,1040.34,Middle Income
CX6633059332,10/19/2024,9315.47,West,Influencers,4333.44,Middle Income
CX8104192372,10/19/2024,7255.19,East,TV Ads,5063.73,Middle Income
CX3544645567,10/20/2024,3300.64,North,Paid Search,1779.76,High Income
CX1899723637,10/21/2024,3801.66,East,Email,2483.06,Middle Income
CX1775953833,10/21/2024,6133.91,West,Paid Search,4905.35,High Income
CX3345243992,10/22/2024,6891.97,West,Social Media,3393.24,Middle Income
CX2023688090,10/22/2024,4777.53,East,Influencers,2375.73,Low Income
CX3728353831,10/25/2024,4360.52,East,Influencers,1788.06,Low Income
CX5086527590,10/25/2024,8006.68,South,Email,3634.14,Middle Income
CX1128997388,10/27/2024,4435.49,North,Email,2691.91,Middle Income
CX8616645947,10/29/2024,7339.21,West,TV Ads,4738.16,Low Income
CX9122872376,10/30/2024,9450.93,North,Influencers,3701.54,Low Income
CX8099399609,11/2/2024,3628.11,East,Email,2785.37,High Income
CX2583555269,11/4/2024,1376,North,Social Media,999.83,Low Income
CX6850801417,11/5/2024,4651.21,West,Influencers,1437.37,High Income
CX4068110144,11/6/2024,1660,South,Paid Search,1058.69,Middle Income
CX1981334589,11/6/2024,4857.7,North,Email,2902.3,Middle Income
CX6598050703,11/8/2024,4748.48,North,Paid Search,3500.21,High Income
CX9450279819,11/8/2024,6639.74,East,Email,3857.94,Low Income
CX4708637596,11/10/2024,8875.51,West,Email,6302.01,High Income
CX2355712347,11/12/2024,6663.66,West,Paid Search,2493.41,Low Income
CX3710464537,11/14/2024,4316.59,South,Social Media,2070.86,Middle Income
CX6845106472,11/15/2024,4199.66,South,Email,2707.23,Middle Income
CX5093155368,11/15/2024,8707.34,North,Email,2785.42,Low Income
CX3583313539,11/18/2024,8648.27,South,Paid Search,4487.41,High Income
CX8473341770,11/20/2024,6817.1,North,Influencers,2477.35,Low Income
CX8880267440,11/21/2024,4113.34,North,Email,1813.2,Middle Income
CX9364571711,11/22/2024,1680.84,North,Email,984.65,Low Income
CX3911015393,11/24/2024,7968.93,South,Social Media,3308.61,Low Income
CX1363130762,11/26/2024,6346.14,East,TV Ads,2704.43,High Income
CX4772041818,11/30/2024,3077.83,West,Email,2081.55,Middle Income
CX1853022403,12/1/2024,1206.19,West,Paid Search,562.31,High Income
CX8363916372,12/2/2024,3893.87,South,Social Media,1521.61,Low Income
CX4806978192,12/2/2024,8557.09,West,Paid Search,3705.94,Middle Income
CX3653169486,12/3/2024,3700.25,West,Social Media,2914.66,Middle Income
CX5156539362,12/4/2024,4733.56,North,Email,3744.16,Low Income
CX7930758552,12/5/2024,5353.31,South,Social Media,2364.48,High Income
CX7539019450,12/5/2024,9933.31,South,Email,3991.57,Low Income
CX6842297300,12/6/2024,3779.61,East,Email,2378.13,High Income
CX3972191976,12/6/2024,2932.84,West,Influencers,911.95,High Income
CX8553671251,12/9/2024,7811.53,West,Social Media,3164.73,High Income
CX2796231353,12/10/2024,7210.71,East,Social Media,5412.69,Middle Income
CX6620056456,12/11/2024,4227.94,South,TV Ads,2291.43,Low Income
CX7281789852,12/11/2024,7721.1,South,Paid Search,4567.5,Low Income
CX1063169775,12/11/2024,8660.55,West,Paid Search,4871.77,Middle Income
CX4398460173,12/11/2024,4217.24,South,TV Ads,3011.36,Middle Income
CX1792209435,12/12/2024,9491.67,South,TV Ads,6183.81,Middle Income
CX1927346134,12/14/2024,1695.22,East,Email,622.49,Low Income
CX9473884055,12/15/2024,7541.9,North,TV Ads,2831.01,Middle Income
CX9845904544,12/15/2024,1912.07,North,Social Media,864.78,Middle Income
CX6988741937,12/16/2024,2005.1,West,Social Media,1007.79,Low Income
CX5566285015,12/18/2024,1034.96,West,Social Media,334.49,Low Income
CX5677779296,12/21/2024,3261.93,West,Influencers,1311.05,Low Income
CX4443529300,12/21/2024,6676.92,North,TV Ads,2077.89,Low Income
CX9944982503,12/21/2024,2341.3,North,Paid Search,1056.4,Middle Income
CX3955162809,12/22/2024,1804.36,West,Social Media,825.76,High Income
CX8868635642,12/23/2024,5938.67,North,Influencers,2799.49,High Income
CX5362583296,12/23/2024,6563.44,North,Social Media,4464.78,Middle Income
CX8725060048,12/25/2024,1202.88,West,Social Media,389.84,Middle Income
CX3130704855,12/26/2024,6393.38,East,Influencers,3136.07,Low Income
CX8853723611,12/27/2024,8866.32,North,Social Media,5839.54,Low Income
CX1860370927,12/27/2024,3191.09,East,Paid Search,1913.62,Low Income
CX6569664412,12/29/2024,4093.89,South,Social Media,1957.84,Low Income
CX1167930643,12/29/2024,5171.41,West,Email,2340.11,Low Income
CX8623147926,12/30/2024,7739.84,West,Social Media,3640.76,Middle Income
